<?xml version="1.0" encoding="UTF-8"?>
<project-private xmlns="http://www.netbeans.org/ns/project-private/1">
    <editor-bookmarks xmlns="http://www.netbeans.org/ns/editor-bookmarks/2" lastBookmarkId="0"/>
    <open-files xmlns="http://www.netbeans.org/ns/projectui-open-files/2">
        <group>
            <file>file:/C:/Users/ludovic/Desktop/Projet%20hopital/src/vue/Maj_infirmier.java</file>
            <file>file:/C:/Users/ludovic/Desktop/Projet%20hopital/src/Modele/Malade.java</file>
            <file>file:/C:/Users/ludovic/Desktop/Projet%20hopital/src/vue/Maj_P.java</file>
            <file>file:/C:/Users/ludovic/Desktop/Projet%20hopital/src/vue/Maj_PH.java</file>
            <file>file:/C:/Users/ludovic/Desktop/Projet%20hopital/src/Modele/MaladeHosp.java</file>
        </group>
    </open-files>
</project-private>
